Channel Name or Channel Handle,Video Title,Video URL,Transcript Link,Publish Date,Video Length,Views,Likes,Comments,Transcript Filename in Github,BatchID,,,,,Date Generated:
Code.org,Introducing CodeBytes!,https://www.youtube.com/watch?v=SZ_iQ4SY1AA,introducingcodebytes.txt,11/5/20,1:18,27792,359,0,introducingcodebytes.txt,3,,,,,Thu 7/18/2024
Code.org,CodeBytes Episode 1 with Hadi - Train a Computer AI,https://www.youtube.com/watch?v=Guc4omzHfsU,codebytesepisode1withhaditrainacomputerai.txt,12/7/20,26:40:00,19430,243,0,codebytesepisode1withhaditrainacomputerai.txt,3,,,,,Thu 7/18/2024
Code.org,CodeBytes Episode 1 with Dan - Train a Computer AI,https://www.youtube.com/watch?v=cSdfvjcHUuw,codebytesepisode1withdantrainacomputerai.txt,12/7/20,20:59,12405,231,0,codebytesepisode1withdantrainacomputerai.txt,3,,,,,Thu 7/18/2024
Code.org,CodeBytes Episode 3 with Leo - Outbreak Simulator,https://www.youtube.com/watch?v=KHte4JXFwOw,codebytesepisode3withleooutbreaksimulator.txt,12/9/20,25:51:00,5017,46,0,codebytesepisode3withleooutbreaksimulator.txt,3,,,,,Thu 7/18/2024
Code.org,CodeBytes Episode 4 with Hadi - Design Apps for Good,https://www.youtube.com/watch?v=8JBAjuSM5M4,codebytesepisode4withhadidesignappsforgood.txt,12/10/20,25:55:00,9637,189,0,codebytesepisode4withhadidesignappsforgood.txt,3,,,,,Thu 7/18/2024
Code.org,CodeBytes Episode 4 with Hannah - Design Apps for Good,https://www.youtube.com/watch?v=UTMvZSe7ViU,codebytesepisode4withhannahdesignappsforgood.txt,12/10/20,23:48,5720,87,0,codebytesepisode4withhannahdesignappsforgood.txt,3,,,,,Thu 7/18/2024
Code.org,CodeBytes Episode 5 with Ken - Minecraft: Hero‚Äôs Journey,https://www.youtube.com/watch?v=yY2o8McMd2w,codebytesepisode5withkenminecraftherosjourney.txt,12/11/20,24:54:00,10964,108,0,codebytesepisode5withkenminecraftherosjourney.txt,3,,,,,Thu 7/18/2024
Code.org,CodeBytes Episode 5 with Hadi - Minecraft: Hero‚Äôs Journey,https://www.youtube.com/watch?v=uTZchXcAd-Y,codebytesepisode5withhadiminecraftherosjourney.txt,12/11/20,26:10:00,12121,193,0,codebytesepisode5withhadiminecraftherosjourney.txt,3,,,,,Thu 7/18/2024
Khan Academy Computing,Welcome to our Hour of Code on Khan Academy,https://www.youtube.com/watch?v=CYmL-Up_ZNc,welcometoourhourofcodeonkhanacademy.txt,11/12/13,2:16,3251794,446,28,welcometoourhourofcodeonkhanacademy.txt,3,,,,,Thu 7/18/2024
Khan Academy Computing,Making drawings with code | Computer Programming | Khan Academy,https://www.youtube.com/watch?v=D5HQw_GKOwo,makingdrawingswithcodecomputerprogrammingkhanacademy.txt,11/13/15,6:09,453487,2518,277,makingdrawingswithcodecomputerprogrammingkhanacademy.txt,3,,,,,Thu 7/18/2024
Khan Academy Computing,Drawing more shapes with code | Computer Programming | Khan Academy,https://www.youtube.com/watch?v=Lf-F-VYz81Y,drawingmoreshapeswithcodecomputerprogrammingkhanacademy.txt,11/13/15,5:52,177013,790,108,drawingmoreshapeswithcodecomputerprogrammingkhanacademy.txt,3,,,,,Thu 7/18/2024
Khan Academy Computing,Coloring with code | Computer Programming | Khan Academy,https://www.youtube.com/watch?v=xNRV1l0d1Ug,coloringwithcodecomputerprogrammingkhanacademy.txt,11/13/15,5:19,163902,682,0,coloringwithcodecomputerprogrammingkhanacademy.txt,3,,,,,Thu 7/18/2024
Khan Academy Computing,Welcome to the web! | Computer programming | Khan Academy,https://www.youtube.com/watch?v=jHPr-CuvHhs,welcometothewebcomputerprogrammingkhanacademy.txt,4/23/19,2:48,1207320,321,12,welcometothewebcomputerprogrammingkhanacademy.txt,3,,,,,Thu 7/18/2024
Khan Academy Computing,HTML basics | Intro to HTML/CSS: Making webpages | Computer Programming | Khan Academy,https://www.youtube.com/watch?v=ItZN6o0ylao,htmlbasicsintrotohtmlcssmakingwebpagescomputerprogrammingkhanacademy.txt,11/8/14,4:44,285643,1266,80,htmlbasicsintrotohtmlcssmakingwebpagescomputerprogrammingkhanacademy.txt,3,,,,,Thu 7/18/2024
Khan Academy Computing,HTML: Text emphasis | Intro to HTML/CSS: Making webpages | Computer Programming | Khan Academy,https://www.youtube.com/watch?v=r2qd-MKHhgs,htmltextemphasisintrotohtmlcssmakingwebpagescomputerprogrammingkhanacademy.txt,11/8/14,2:05,95651,269,5,htmltextemphasisintrotohtmlcssmakingwebpagescomputerprogrammingkhanacademy.txt,3,,,,,Thu 7/18/2024
Khan Academy Computing,HTML: Lists | Intro to HTML/CSS: Making webpages | Computer Programming | Khan Academy,https://www.youtube.com/watch?v=6fmob-VeAMo,htmllistsintrotohtmlcssmakingwebpagescomputerprogrammingkhanacademy.txt,11/8/14,2:51,92161,267,19,htmllistsintrotohtmlcssmakingwebpagescomputerprogrammingkhanacademy.txt,3,,,,,Thu 7/18/2024
Khan Academy Computing,HTML: Images | Intro to HTML/CSS: Making webpages | Computer Programming | Khan Academy,https://www.youtube.com/watch?v=LyINBQFpL0o,htmlimagesintrotohtmlcssmakingwebpagescomputerprogrammingkhanacademy.txt,11/8/14,4:45,106698,306,37,htmlimagesintrotohtmlcssmakingwebpagescomputerprogrammingkhanacademy.txt,3,,,,,Thu 7/18/2024
Khan Academy Computing,CSS Basics | Intro to HTML/CSS: Making webpages | Computer Programming | Khan Academy,https://www.youtube.com/watch?v=dC34rfY8Eyk,cssbasicsintrotohtmlcssmakingwebpagescomputerprogrammingkhanacademy.txt,11/8/14,5:09,102249,312,18,cssbasicsintrotohtmlcssmakingwebpagescomputerprogrammingkhanacademy.txt,3,,,,,Thu 7/18/2024
Khan Academy Computing,Welcome to SQL | Intro to SQL: Querying and managing data | Computer programming | Khan Academy,https://www.youtube.com/watch?v=IXycPq7MnwE,welcometosqlintrotosqlqueryingandmanagingdatacomputerprogrammingkhanacademy.txt,10/30/14,2:05,1076077,786,30,welcometosqlintrotosqlqueryingandmanagingdatacomputerprogrammingkhanacademy.txt,3,,,,,Thu 7/18/2024
Khan Academy Computing,Creating a table and inserting data | Computer Programming | Khan Academy,https://www.youtube.com/watch?v=kEGlpSmeSiA,creatingatableandinsertingdatacomputerprogrammingkhanacademy.txt,11/8/14,3:44,237394,991,59,creatingatableandinsertingdatacomputerprogrammingkhanacademy.txt,3,,,,,Thu 7/18/2024
Khan Academy Computing,Querying the table | Intro to SQL: Querying and managing data | Computer Programming | Khan Academy,https://www.youtube.com/watch?v=_a4k3ssyY5E,queryingthetableintrotosqlqueryingandmanagingdatacomputerprogrammingkhanacademy.txt,11/8/14,2:09,93842,274,11,queryingthetableintrotosqlqueryingandmanagingdatacomputerprogrammingkhanacademy.txt,3,,,,,Thu 7/18/2024
LearnCode.academy,"Web Development Tutorial for Beginners (#1) - How to build webpages with HTML, CSS, Javascript",https://www.youtube.com/watch?v=3JluqTojuME,webdevelopmenttutorialforbeginners2basiccsshowtobuildawebsitewithhtmlcss.txt,10/21/13,14:08,4828065,57638,3276,webdevelopmenttutorialforbeginners1howtobuildwebpageswithhtmlcssjavascript.txt,3,,,,,Thu 7/18/2024
LearnCode.academy,Github Tutorial For Beginners - Github Basics for Mac or Windows & Source Control Basics,https://www.youtube.com/watch?v=0fKg7e37bQE,githubtutorialforbeginnersgithubbasicsformacorwindowssourcecontrolbasics.txt,1/16/14,18:54,2991548,28018,1517,githubtutorialforbeginnersgithubbasicsformacorwindowssourcecontrolbasics.txt,3,,,,,Thu 7/18/2024
LearnCode.academy,Web Development Tutorial for Beginners (#2) - Basic CSS - How to build a website with HTML & CSS,https://www.youtube.com/watch?v=gBi8Obib0tw,webdevelopmenttutorialforbeginners1howtobuildwebpageswithhtmlcssjavascript.txt,10/23/13,15:48,1674482,16497,1576,webdevelopmenttutorialforbeginners2basiccsshowtobuildawebsitewithhtmlcss.txt,3,,,,,Thu 7/18/2024
LearnCode.academy,REACT JS TUTORIAL #1 - Reactjs Javascript Introduction & Workspace Setup,https://www.youtube.com/watch?v=MhkGQAoc7bc,reactjstutorial1reactjsjavascriptintroductionworkspacesetup.txt,2/2/16,10:19,1463468,5640,468,reactjstutorial1reactjsjavascriptintroductionworkspacesetup.txt,3,,,,,Thu 7/18/2024
LearnCode.academy,Javascript Tutorial For Beginners - Free JS Course - Web Development Tutorial,https://www.youtube.com/watch?v=fGdd9qNwQdQ,javascripttutorialforbeginnersfreejscoursewebdevelopmenttutorial.txt,2/24/15,8:09,852005,6616,529,javascripttutorialforbeginnersfreejscoursewebdevelopmenttutorial.txt,3,,,,,Thu 7/18/2024
LearnCode.academy,Javascript Tutorial For Beginners - #3 Javascript Functions Tutorial,https://www.youtube.com/watch?v=AY6X5jZZ_JE,javascripttutorialforbeginners3javascriptfunctionstutorial.txt,2/24/15,13:49,543323,4635,504,javascripttutorialforbeginners3javascriptfunctionstutorial.txt,3,,,,,Thu 7/18/2024
LearnCode.academy,Javascript Tutorial For Beginners - #4 Javascript Arrays & Loops,https://www.youtube.com/watch?v=orAS-MBh5f4,javascripttutorialforbeginners4javascriptarraysloops.txt,2/24/15,14:14,407058,3442,331,javascripttutorialforbeginners4javascriptarraysloops.txt,3,,,,,Thu 7/18/2024
LearnCode.academy,Javascript Selectors - Javascript Tutorial for Beginners With Examples,https://www.youtube.com/watch?v=W3EK4MlZW4g,javascriptselectorsjavascripttutorialforbeginnerswithexamples.txt,4/21/15,11:19,267799,1988,162,javascriptselectorsjavascripttutorialforbeginnerswithexamples.txt,3,,,,,Thu 7/18/2024
LearnCode.academy,HTML Tutorial for Beginners,https://www.youtube.com/watch?v=RjHflb-QgVc,htmltutorialforbeginners.txt,8/1/18,11:58,536032,7368,210,htmltutorialforbeginners.txt,3,,,,,Thu 7/18/2024
Codecademy,Intro to Programming: Loops,https://www.youtube.com/watch?v=wxds6MAtUQ0,introtoprogrammingloops.txt,7/26/19,1:41,241669,2534,50,introtoprogrammingloops.txt,3,,,,,Thu 7/18/2024
Codecademy,Learn Python 3: Tutorial for Beginners (Part 1),https://www.youtube.com/watch?v=13433v7AKEc,learnpython3tutorialforbeginnerspart1.txt,1/26/23,51:17:00,144709,738,27,learnpython3tutorialforbeginnerspart1.txt,3,,,,,Thu 7/18/2024
Codecademy,Learn JavaScript: Tutorial for Beginners (Part 1),https://www.youtube.com/watch?v=uh4gG7LbDPQ,learnjavascripttutorialforbeginnerspart1.txt,1/26/23,55:35:00,78773,713,17,learnjavascripttutorialforbeginnerspart1.txt,3,,,,,Thu 7/18/2024
Codecademy,Learn Python 3: Tutorial for Beginners (Part 2),https://www.youtube.com/watch?v=zBkejr9w6cg,learnpython3tutorialforbeginnerspart2.txt,1/26/23,50:52:00,29956,134,5,learnpython3tutorialforbeginnerspart2.txt,3,,,,,Thu 7/18/2024
Codecademy,Create your first HTML/CSS project,https://www.youtube.com/watch?v=wzWmZYi4qMg,createyourfirsthtmlcssproject.txt,7/1/19,19:16,241622,2762,81,createyourfirsthtmlcssproject.txt,3,,,,,Thu 7/18/2024
Codecademy,Learn JavaScript: Tutorial for Beginners (Part 2),https://www.youtube.com/watch?v=1RYDBz2Hwls,learnjavascripttutorialforbeginnerspart2.txt,1/26/23,49:04:00,30240,204,9,learnjavascripttutorialforbeginnerspart2.txt,3,,,,,Thu 7/18/2024
Codecademy,Introduction to JavaScript Variables,https://www.youtube.com/watch?v=cRi9Xa4jBws,introductiontojavascriptvariables.txt,5/4/23,3:51,2904,30,2,introductiontojavascriptvariables.txt,3,,,,,Thu 7/18/2024
Codecademy,Introduction to Logging on Android,https://www.youtube.com/watch?v=ezoAGY9Z_HU,introductiontologgingonandroid.txt,11/22/21,5:55,8626,55,2,introductiontologgingonandroid.txt,3,,,,,Thu 7/18/2024
Codecademy,CS101 #5: Loops,https://www.youtube.com/watch?v=5OfHEQcyQTI,cs1015loops.txt,9/29/20,61:20:00,3231,80,6,cs1015loops.txt,3,,,,,Thu 7/18/2024
Scratch Team,Create a Sprite with the Scratch Paint Editor | Tutorial,https://www.youtube.com/watch?v=9C_wblf4FIE,createaspritewiththescratchpainteditortutorial.txt,9/9/23,2:16,57529,302,47,createaspritewiththescratchpainteditortutorial.txt,3,,,,,Thu 7/18/2024
Scratch Team,Bring Your Drawings Into Scratch | Tutorial,https://www.youtube.com/watch?v=XXsRVPdESqk,bringyourdrawingsintoscratchtutorial.txt,9/9/23,2:18,38361,433,67,bringyourdrawingsintoscratchtutorial.txt,3,,,,,Thu 7/18/2024
Scratch Team,Remix and Re-imagine Scratch Sprites | Tutorial,https://www.youtube.com/watch?v=bN3vW8jmDAc,remixandreimaginescratchspritestutorial.txt,9/9/23,2:16,149260,376,102,remixandreimaginescratchspritestutorial.txt,3,,,,,Thu 7/18/2024
Scratch Team,How to Draw Backdrops in Scratch | Tutorial,https://www.youtube.com/watch?v=CQ4SldacxG4,howtodrawbackdropsinscratchtutorial.txt,8/18/20,3:29,304733,2523,263,howtodrawbackdropsinscratchtutorial.txt,3,,,,,Thu 7/18/2024
Scratch Team,"Sounds in Scratch: Add, Record, and Use Text to Speech Blocks | Tutorial",https://www.youtube.com/watch?v=7f9_vjl9yC8,soundsinscratchaddrecordandusetexttospeechblockstutorial.txt,9/9/23,4:18,33666,254,33,soundsinscratchaddrecordandusetexttospeechblockstutorial.txt,3,,,,,Thu 7/18/2024
Scratch Team,"Create Your Own Asset Pack, Part 1: What Is a Scratch Asset Pack & Why Should I Make One? | Tutorial",https://www.youtube.com/watch?v=F0cCg0YOh8o,createyourownassetpackpart1whatisascratchassetpackwhyshouldimakeonetutorial.txt,1/22/24,3:07,9387,108,14,createyourownassetpackpart1whatisascratchassetpackwhyshouldimakeonetutorial.txt,3,,,,,Thu 7/18/2024
Scratch Team,"Create Your Own Asset Pack, Part 2: Tips and Tricks for Creating an Asset in Scratch | Tutorial",https://www.youtube.com/watch?v=kWgPOkbHdOY,createyourownassetpackpart2tipsandtricksforcreatinganassetinscratchtutorial.txt,1/22/24,7:48,9878,120,37,createyourownassetpackpart2tipsandtricksforcreatinganassetinscratchtutorial.txt,3,,,,,Thu 7/18/2024
Scratch Team,"Create Your Own Asset Pack, Part 3: Remixing and Using Assets in Scratch | Tutorial",https://www.youtube.com/watch?v=hLLWoenXIgo,createyourownassetpackpart3remixingandusingassetsinscratchtutorial.txt,1/22/24,3:38,4886,58,9,createyourownassetpackpart3remixingandusingassetsinscratchtutorial.txt,3,,,,,Thu 7/18/2024
Scratch Team,Turtle Graphics: Using Pen Blocks in Scratch | Tutorial,https://www.youtube.com/watch?v=AeTVJ7H38BQ,turtlegraphicsusingpenblocksinscratchtutorial.txt,3/11/24,6:33,17072,213,74,turtlegraphicsusingpenblocksinscratchtutorial.txt,3,,,,,Thu 7/18/2024
Scratch Team,Conditional Statements: Make Interactive Projects (Part 1)| Tutorial,https://www.youtube.com/watch?v=STMtgEsi2Ik,conditionalstatementsmakeinteractiveprojectspart1tutorial.txt,5/13/24,4:33,7149,114,32,conditionalstatementsmakeinteractiveprojectspart1tutorial.txt,3,,,,,Thu 7/18/2024
KidsCanCode,Godot 4: 3D Character Controller,https://www.youtube.com/watch?v=AW3rT-7J8ag,godot43dcharactercontroller.txt,9/30/23,14:51,28425,658,73,godot43dcharactercontroller.txt,3,,,,,Thu 7/18/2024
KidsCanCode,Learning Godot 3.0: Your First Game Part 1,https://www.youtube.com/watch?v=uPoLKQG0gmw,learninggodot30yourfirstgamepart1.txt,11/13/17,8:24,117346,1319,128,learninggodot30yourfirstgamepart1.txt,3,,,,,Thu 7/18/2024
KidsCanCode,Procedural Generation in Godot: Dungeon Generation (part 1),https://www.youtube.com/watch?v=G2_SGhmdYFo,proceduralgenerationingodotdungeongenerationpart1.txt,12/5/18,14:36,82735,1621,79,proceduralgenerationingodotdungeongenerationpart1.txt,3,,,,,Thu 7/18/2024
KidsCanCode,Godot 101 - Part 1: Introduction to Godot (For Godot 2.1!),https://www.youtube.com/watch?v=gHA4M2cqWb0,godot101part1introductiontogodotforgodot21.txt,2/16/17,13:51,78164,1546,116,godot101part1introductiontogodotforgodot21.txt,3,,,,,Thu 7/18/2024
KidsCanCode,Pygame Platformer Part 2: Player Movement,https://www.youtube.com/watch?v=8LRI0RLKyt0,pygameplatformerpart2playermovement.txt,2/1/16,21:46,61467,779,273,pygameplatformerpart2playermovement.txt,3,,,,,Thu 7/18/2024
KidsCanCode,Godot 101 - Part 2: Scripting,https://www.youtube.com/watch?v=hi2yiY-zNxQ,godot101part2scripting.txt,2/18/17,11:55,38100,875,84,godot101part2scripting.txt,3,,,,,Thu 7/18/2024
KidsCanCode,Godot 101 - Part 6: Area-based Collisions,https://www.youtube.com/watch?v=RZyiy9bbeNE,godot101part6areabasedcollisions.txt,3/2/17,11:02,38570,591,79,godot101part6areabasedcollisions.txt,3,,,,,Thu 7/18/2024
KidsCanCode,Godot 101 - Part 3: Scripting (continued),https://www.youtube.com/watch?v=wkDiwOAqfuI,godot101part3scriptingcontinued.txt,2/19/17,12:39,23256,599,85,godot101part3scriptingcontinued.txt,3,,,,,Thu 7/18/2024
KidsCanCode,Circle Jump: A Godot Mobile Game (Part 9),https://www.youtube.com/watch?v=ut3EK4A5uC0,circlejumpagodotmobilegamepart9.txt,6/1/19,10:38,6808,212,51,circlejumpagodotmobilegamepart9.txt,3,,,,,Thu 7/18/2024
KidsCanCode,Godot One Shot: TileMap Collisions,https://www.youtube.com/watch?v=OzgK__VowVs,godotoneshottilemapcollisions.txt,12/28/18,5:50,38856,567,49,godotoneshottilemapcollisions.txt,3,,,,,Thu 7/18/2024
thenewboston,Python Tutorial in 30 Minutes (Crash Course for Absolute Beginners),https://www.youtube.com/watch?v=WEm3EUdicDg,pythontutorialin30minutescrashcourseforabsolutebeginners.txt,3/31/21,20:51,118161,4090,148,pythontutorialin30minutescrashcourseforabsolutebeginners.txt,3,,,,,Thu 7/18/2024
thenewboston,React JS Tutorials for Beginners - 1 - Getting Started,https://www.youtube.com/watch?v=-AbaV3nrw6E,reactjstutorialsforbeginners1gettingstarted.txt,6/28/16,4:09,591392,2581,238,reactjstutorialsforbeginners1gettingstarted.txt,3,,,,,Thu 7/18/2024
thenewboston,Java Programming Tutorial - 2 - Running a Java Program,https://www.youtube.com/watch?v=5u8rFbpdvds,javaprogrammingtutorial2runningajavaprogram.txt,5/2/09,6:53,2951076,14374,3410,javaprogrammingtutorial2runningajavaprogram.txt,3,,,,,Thu 7/18/2024
thenewboston,Java Programming Tutorial - 3 - Downloading Eclipse,https://www.youtube.com/watch?v=CE8UIbb_4iM,javaprogrammingtutorial3downloadingeclipse.txt,5/2/09,7:06,2185442,13170,2113,javaprogrammingtutorial3downloadingeclipse.txt,3,,,,,Thu 7/18/2024
thenewboston,Java Programming Tutorial - 4 - Hello YouTube,https://www.youtube.com/watch?v=SHIT5VkNrCg,javaprogrammingtutorial4helloyoutube.txt,5/3/09,7:53,2278436,15705,1749,javaprogrammingtutorial4helloyoutube.txt,3,,,,,Thu 7/18/2024
thenewboston,Java Programming Tutorial - 5 - Variables,https://www.youtube.com/watch?v=gtQJXzi3Yns,javaprogrammingtutorial5variables.txt,5/3/09,7:25,1930223,14084,1441,javaprogrammingtutorial5variables.txt,3,,,,,Thu 7/18/2024
thenewboston,Java Programming Tutorial - 6 - Getting User Input,https://www.youtube.com/watch?v=5DdacOkrTgo,javaprogrammingtutorial6gettinguserinput.txt,5/3/09,5:31,2418772,16174,1588,javaprogrammingtutorial6gettinguserinput.txt,3,,,,,Thu 7/18/2024
thenewboston,Beginner JavaScript Tutorial - 1 - Introduction to JavaScript,https://www.youtube.com/watch?v=yQaAGmHNn9s,beginnerjavascripttutorial1introductiontojavascript.txt,3/16/11,6:41,2087398,9809,1005,beginnerjavascripttutorial1introductiontojavascript.txt,3,,,,,Thu 7/18/2024
thenewboston,Beginner JavaScript Tutorial - 36 - Math Objects,https://www.youtube.com/watch?v=F30jLIqGQpo,beginnerjavascripttutorial36mathobjects.txt,3/31/11,6:22,198011,1336,90,beginnerjavascripttutorial36mathobjects.txt,3,,,,,Thu 7/18/2024
thenewboston,Beginner JavaScript Tutorial - 37 - Date Objects,https://www.youtube.com/watch?v=Xhqvh52VsIo,beginnerjavascripttutorial37dateobjects.txt,3/31/11,8:44,208131,1481,256,beginnerjavascripttutorial37dateobjects.txt,3,,,,,Thu 7/18/2024
Tech With Tim,Java Tutorial for Beginners #1 - Introduction,https://www.youtube.com/watch?v=P8FmdbRxX34,javatutorialforbeginners1introduction.txt,12/23/18,7:20,53308,1087,41,javatutorialforbeginners1introduction.txt,3,,,,,Thu 7/18/2024
Tech With Tim,Java Tutorial for Beginners #2 - Variables & Data Types,https://www.youtube.com/watch?v=RPoquiZydYc,javatutorialforbeginners2variablesdatatypes.txt,12/26/18,12:17,19432,529,12,javatutorialforbeginners2variablesdatatypes.txt,3,,,,,Thu 7/18/2024
Tech With Tim,Java Tutorial for Beginners #3 - Basic Operators,https://www.youtube.com/watch?v=ofKz3XGv6ZQ,javatutorialforbeginners3basicoperators.txt,12/27/18,12:15,11488,336,17,javatutorialforbeginners3basicoperators.txt,3,,,,,Thu 7/18/2024
Tech With Tim,Python Object Oriented Programming (OOP) - For Beginners,https://www.youtube.com/watch?v=JeznW_7DlB0,pythonobjectorientedprogrammingoopforbeginners.txt,3/29/20,53:06:00,3351400,93433,2604,pythonobjectorientedprogrammingoopforbeginners.txt,3,,,,,Thu 7/18/2024
Tech With Tim,Pycharm Tutorial #1 - Setup & Basics,https://www.youtube.com/watch?v=56bPIGf4us0,pycharmtutorial1setupbasics.txt,11/13/18,12:36,1535179,21444,583,pycharmtutorial1setupbasics.txt,3,,,,,Thu 7/18/2024
Tech With Tim,Java Tutorial for Beginners #8 - Arrays,https://www.youtube.com/watch?v=_Wf2rbL9wQU,javatutorialforbeginners8arrays.txt,1/1/19,8:53,75333,1508,17,javatutorialforbeginners8arrays.txt,3,,,,,Thu 7/18/2024
Tech With Tim,How to Make A Simple Game in Python (For Beginners),https://www.youtube.com/watch?v=BDi3SD7E6no,howtomakeasimplegameinpythonforbeginners.txt,6/14/18,15:47,520391,9513,770,howtomakeasimplegameinpythonforbeginners.txt,3,,,,,Thu 7/18/2024
Tech With Tim,Learn Python With This ONE Project!,https://www.youtube.com/watch?v=th4OBktqK1I,learnpythonwiththisoneproject.txt,9/24/22,55:04:00,1725343,61840,937,learnpythonwiththisoneproject.txt,3,,,,,Thu 7/18/2024
Tech With Tim,React For Beginners #1 - Introduction & Environment Setup,https://www.youtube.com/watch?v=Ma6DRDIedVE,reactforbeginners1introductionenvironmentsetup.txt,5/25/21,11:13,93911,2160,155,reactforbeginners1introductionenvironmentsetup.txt,3,,,,,Thu 7/18/2024
programmingforbeginners7392,Python Tutorial #34 - with open Syntax to Read File in Python (File Handling),https://www.youtube.com/watch?v=XkAs1spydx4,Transcript: Python Tutorial #34 - with open Syntax to Read File in Python (File Handling),2023-02-15,4:49,190,3,0,pythontutorial34withopensyntaxtoreadfileinpythonfilehandling.txt,2,,,,,Fri 7/12/2024
programmingforbeginners7392,CSS Tutorial #13 - Text Color and Alignment Property in CSS,https://www.youtube.com/watch?v=dRGLK4533R4,Transcript: CSS Tutorial #13 - Text Color and Alignment Property in CSS,2024-02-14,9:48,60,3,0,csstutorial13textcolorandalignmentpropertyincss.txt,2,,,,,Fri 7/12/2024
programmingforbeginners7392,Java Tutorial #6 - Equality and Relational Operators in Java Programming,https://www.youtube.com/watch?v=jg-XTLVl1lI,Transcript: Java Tutorial #6 - Equality and Relational Operators in Java Programming,2022-05-17,7:57,804,16,5,javatutorial6equalityandrelationaloperatorsinjavaprogramming.txt,2,,,,,Fri 7/12/2024
programmingforbeginners7392,"Python Tutorial #4 -  Python Data Types - Numeric, String, List, Tuple, Set",https://www.youtube.com/watch?v=ZqreT4hSSgk,"Transcript: Python Tutorial #4 -  Python Data Types - Numeric, String, List, Tuple, Set",2022-12-23,6:29,564,14,4,pythontutorial4pythondatatypesnumericstringlisttupleset.txt,2,,,,,Fri 7/12/2024
programmingforbeginners7392,Python Tutorial #23 - Global Keyword in Python Programming,https://www.youtube.com/watch?v=GVuISA4WjuM,Transcript: Python Tutorial #23 - Global Keyword in Python Programming,2023-01-18,6:47,380,6,0,pythontutorial23globalkeywordinpythonprogramming.txt,2,,,,,Fri 7/12/2024
programmingforbeginners7392,Python Tutorial #17 - pass Statement in Python Programming,https://www.youtube.com/watch?v=a_hx_TIUx1A,Transcript: Python Tutorial #17 - pass Statement in Python Programming,2023-01-12,4:21,315,5,2,pythontutorial17passstatementinpythonprogramming.txt,2,,,,,Fri 7/12/2024
programmingforbeginners7392,Dart Tutorial #8 - Type test Operators in Dart Programming,https://www.youtube.com/watch?v=B0GzuvAGQ6I,Transcript: Dart Tutorial #8 - Type test Operators in Dart Programming,2022-04-06,5:03,402,6,0,darttutorial8typetestoperatorsindartprogramming.txt,2,,,,,Fri 7/12/2024
programmingforbeginners7392,Java Tutorial #32 - Multiple Inheritance in Java Programming (Examples),https://www.youtube.com/watch?v=6BKcKJrzm1w,Transcript: Java Tutorial #32 - Multiple Inheritance in Java Programming (Examples),2022-06-28,8:36,215,5,0,javatutorial32multipleinheritanceinjavaprogrammingexamples.txt,2,,,,,Fri 7/12/2024
programmingforbeginners7392,Python Program #20 - Add Lists using Map Function in Python,https://www.youtube.com/watch?v=wH2S1O21t6c,Transcript: Python Program #20 - Add Lists using Map Function in Python,2023-05-05,3:43,308,3,0,pythonprogram20addlistsusingmapfunctioninpython.txt,2,,,,,Fri 7/12/2024
programmingforbeginners7392,Java Program - Reverse a Number in Java #javatutorial,https://www.youtube.com/watch?v=daBCS0-riHw,Transcript: Java Program - Reverse a Number in Java #javatutorial,2024-06-07,0:35,108,7,0,javaprogramreverseanumberinjavajavatutorial.txt,2,,,,,Fri 7/12/2024
freecodecamp,Sticky Footer: CSS Tutorial (Day 13 of CSS3 in 30 Days),https://www.youtube.com/watch?v=RApARNfPwsA,Transcript: Sticky Footer: CSS Tutorial (Day 13 of CSS3 in 30 Days),2018-09-23,8:18,22903,406,26,stickyfootercsstutorialday13ofcss3in30days.txt,2,,,,,Fri 7/12/2024
freecodecamp,Computer Basics 19: How Variables work in Code,https://www.youtube.com/watch?v=DF81DiQfAwY,Transcript: Computer Basics 19: How Variables work in Code,2015-07-17,2:13,24591,0,7,computerbasics19howvariablesworkincode.txt,2,,,,,Fri 7/12/2024
freecodecamp,Selecting & Changing Website Elements (DOM manipulation) - Beau teaches JavaScript,https://www.youtube.com/watch?v=eaLKqoB9Fu0,Transcript: Selecting & Changing Website Elements (DOM manipulation) - Beau teaches JavaScript,2017-04-17,5:39,131449,1890,47,selectingchangingwebsiteelementsdommanipulationbeauteachesjavascript.txt,2,,,,,Fri 7/12/2024
freecodecamp,Print Styles: CSS Tutorial (Day 6 of CSS3 in 30 Days),https://www.youtube.com/watch?v=CAgLAeykOyU,Transcript: Print Styles: CSS Tutorial (Day 6 of CSS3 in 30 Days),2018-09-16,15:37,39081,484,16,printstylescsstutorialday6ofcss3in30days.txt,2,,,,,Fri 7/12/2024
freecodecamp,Sticky Sidebar: CSS Tutorial (Day 15 of CSS3 in 30 Days),https://www.youtube.com/watch?v=oWEk30VSBxU,Transcript: Sticky Sidebar: CSS Tutorial (Day 15 of CSS3 in 30 Days),2018-09-25,8:26,37229,586,16,stickysidebarcsstutorialday15ofcss3in30days.txt,2,,,,,Fri 7/12/2024
freecodecamp,Python List Comprehensions in Seconds,https://www.youtube.com/watch?v=6mTIWJgqqtk,Transcript: Python List Comprehensions in Seconds,2024-06-27,1:00,7251,339,5,pythonlistcomprehensionsinseconds.txt,2,,,,,Fri 7/12/2024
freecodecamp,Null vs Undefined - Beau teaches JavaScript,https://www.youtube.com/watch?v=VwaqJy_clnc,Transcript: Null vs Undefined - Beau teaches JavaScript,2017-02-14,3:45,59375,871,44,nullvsundefinedbeauteachesjavascript.txt,2,,,,,Fri 7/12/2024
freecodecamp,Map data structure & ES6 map object - Beau teaches JavaScript,https://www.youtube.com/watch?v=_1BPrCHcjhs,Transcript: Map data structure & ES6 map object - Beau teaches JavaScript,2017-04-09,6:00,40924,526,19,mapdatastructurees6mapobjectbeauteachesjavascript.txt,2,,,,,Fri 7/12/2024
freecodecamp,JavaScript Tutorial: Convert to Uppercase and Lowercase,https://www.youtube.com/watch?v=aPvkad_Eusg,Transcript: JavaScript Tutorial: Convert to Uppercase and Lowercase,2024-06-28,0:32,1235,88,3,javascripttutorialconverttouppercaseandlowercase.txt,2,,,,,Fri 7/12/2024
freecodecamp,Lambda Functions in Python,https://www.youtube.com/watch?v=lcRwBle3qh8,Transcript: Lambda Functions in Python,2024-06-25,0:54,11838,469,12,lambdafunctionsinpython.txt,2,,,,,Fri 7/12/2024
TheCodingTrain,9.1: What is an Array? - Processing Tutorial,https://www.youtube.com/watch?v=NptnmWvkbTw,Transcript: 9.1: What is an Array? - Processing Tutorial,2015-07-24,7:09,359948,5586,208,91whatisanarrayprocessingtutorial.txt,2,,,,,Fri 7/12/2024
TheCodingTrain,Coding Challenge #101: May the 4th Scrolling Text,https://www.youtube.com/watch?v=fUkF-YLLXeg,Transcript: Coding Challenge #101: May the 4th Scrolling Text,2018-05-04,17:29,33414,1116,112,codingchallenge101maythe4thscrollingtext.txt,2,,,,,Fri 7/12/2024
TheCodingTrain,2.3 Friction Force - The Nature of Code,https://www.youtube.com/watch?v=WBdhAuWS6X8,Transcript: 2.3 Friction Force - The Nature of Code,2020-04-08,14:45,62391,1644,136,23frictionforcethenatureofcode.txt,2,,,,,Fri 7/12/2024
TheCodingTrain,CircleCI Part 4: Matrix Library Testing and Continuous Integration,https://www.youtube.com/watch?v=Zu380IeA2Lk,Transcript: CircleCI Part 4: Matrix Library Testing and Continuous Integration,2018-02-14,20:11,16972,424,37,circlecipart4matrixlibrarytestingandcontinuousintegration.txt,2,,,,,Fri 7/12/2024
TheCodingTrain,Coding Challenge 162: Self-Avoiding Walk,https://www.youtube.com/watch?v=m6-cm6GZ1iw,Transcript: Coding Challenge 162: Self-Avoiding Walk,2021-06-10,38:27,152241,3753,212,codingchallenge162selfavoidingwalk.txt,2,,,,,Fri 7/12/2024
TheCodingTrain,11.1: Introduction to Chrome Extensions - Programming with Text,https://www.youtube.com/watch?v=hkOTAmmuv_4,Transcript: 11.1: Introduction to Chrome Extensions - Programming with Text,2017-11-13,12:54,139735,2243,90,111introductiontochromeextensionsprogrammingwithtext.txt,2,,,,,Fri 7/12/2024
TheCodingTrain,2.6: createGraphics() - p5.js Tutorial,https://www.youtube.com/watch?v=TaluaAD9MKA,Transcript: 2.6: createGraphics() - p5.js Tutorial,2019-02-14,6:52,157052,2654,104,26creategraphicsp5jstutorial.txt,2,,,,,Fri 7/12/2024
TheCodingTrain,7.2: TensorFlow.js Color Classifier: Saving Data to Firebase,https://www.youtube.com/watch?v=yXl0dM1b43s,Transcript: 7.2: TensorFlow.js Color Classifier: Saving Data to Firebase,2018-07-03,11:32,20401,422,35,72tensorflowjscolorclassifiersavingdatatofirebase.txt,2,,,,,Fri 7/12/2024
TheCodingTrain,Hosting a p5.js sketch with GitHub Pages,https://www.youtube.com/watch?v=ZneWjyn18e8,Transcript: Hosting a p5.js sketch with GitHub Pages,2020-10-02,17:29,51391,1692,118,hostingap5jssketchwithgithubpages.txt,2,,,,,Fri 7/12/2024
TheCodingTrain,ml5.js: KNN Classification Part 3,https://www.youtube.com/watch?v=JWsKay58Z2g,Transcript: ml5.js: KNN Classification Part 3,2019-02-07,16:30,18154,416,45,ml5jsknnclassificationpart3.txt,2,,,,,Fri 7/12/2024
CodeMonkeyUnity,What a FAILED Steam launch looks like!,https://www.youtube.com/watch?v=xpsulXLXvJI,Transcript: whatafailedsteamlaunchlookslike,2023-02-27,4:33,102939,4175,222,whatafailedsteamlaunchlookslike.txt,2,,,,,Fri 7/12/2024
CodeMonkeyUnity,"Death's Door, Mini Motorways, Clone Drone - TOP 10 NEW Games #madewithunity  | JULY 2021",https://www.youtube.com/watch?v=2CiIFXwHroI,Transcript: deathsdoorminimotorwaysclonedronetop10newgamesmadewithunityjuly2021,2021-08-19,8:08,7669,499,43,deathsdoorminimotorwaysclonedronetop10newgamesmadewithunityjuly2021.txt,2,,,,,Fri 7/12/2024
CodeMonkeyUnity,One Developer has made Joker into a game!,https://www.youtube.com/watch?v=YcLQEgDEeMk,Transcript: onedeveloperhasmadejokerintoagame,2024-05-14,0:26,10540,432,9,onedeveloperhasmadejokerintoagame.txt,2,,,,,Fri 7/12/2024
CodeMonkeyUnity,7 things to make Unity BETTER!,https://www.youtube.com/watch?v=XW8qY_3dZac,Transcript: 7thingstomakeunitybetter,2021-12-15,15:20,53733,2942,256,7thingstomakeunitybetter.txt,2,,,,,Fri 7/12/2024
CodeMonkeyUnity,"Place UI Elements in your World! (Health Bar, Overlays, Timers)",https://www.youtube.com/watch?v=Zwgj3mwOVlg,Transcript: placeuielementsinyourworldhealthbaroverlaystimers.txt,2020-11-18,7:26,68032,1475,81,placeuielementsinyourworldhealthbaroverlaystimers.txt,2,,,,,Fri 7/12/2024
CodeMonkeyUnity,Learn Game Development! FREE Code Monkey Steam App!,https://www.youtube.com/watch?v=Iy17L8tLd2I,Transcript: learngamedevelopmentfreecodemonkeysteamapp,2020-08-09,3:30,21999,1581,247,learngamedevelopmentfreecodemonkeysteamapp.txt,2,,,,,Fri 7/12/2024
CodeMonkeyUnity,Build Awesome Worlds with these Tools!,https://www.youtube.com/watch?v=eMc6LIG7qvA,Transcript: buildawesomeworldswiththesetools,2021-03-05,5:04,25199,1172,65,buildawesomeworldswiththesetools.txt,2,,,,,Fri 7/12/2024
CodeMonkeyUnity,Game Design BREAKDOWN Dyson Sphere Program,https://www.youtube.com/watch?v=1f_F-RYDf7Q,Transcript: gamedesignbreakdowndysonsphereprogram,2021-02-09,13:34,18478,823,75,gamedesignbreakdowndysonsphereprogram.txt,2,,,,,Fri 7/12/2024
CodeMonkeyUnity,Unique Mechanics in 30 SECONDS - Nimbatus (Ship Building),https://www.youtube.com/watch?v=74tRatz8qU4,Transcript: uniquemechanicsin30secondsnimbatusshipbuilding,2022-01-01,0:37,38536,2635,122,uniquemechanicsin30secondsnimbatusshipbuilding.txt,2,,,,,Fri 7/12/2024
CodeMonkeyUnity,This gimmick made this game a HUGE SUCCESS!,https://www.youtube.com/watch?v=ZbPKeC-mBjw,Transcript: thisgimmickmadethisgameahugesuccess,2024-05-16,0:28,5105,254,10,thisgimmickmadethisgameahugesuccess.txt,2,,,,,Fri 7/12/2024
CodeMonkeyUnity,Unity Tip: Magic Numbers! #shorts #unity #gamedev,https://www.youtube.com/watch?v=CQ5xHgRZGQo,Transcript: unitytipmagicnumbersshortsunitygamedev,2021-04-30,0:59,29237,2047,92,unitytipmagicnumbersshortsunitygamedev.txt,2,,,,,Fri 7/12/2024
programmingwithmosh,How Node.js Works | Mosh,https://www.youtube.com/watch?v=jOupHNvDIq8,Transcript: hownodejsworksmosh,2018-01-25,5:07,345079,6492,144,hownodejsworksmosh.txt,2,,,,,Fri 7/12/2024
programmingwithmosh,Module Wrapper Function,https://www.youtube.com/watch?v=WlWdbtJoCLQ,Transcript: modulewrapperfunction.txt,2018-02-09,5:23,44017,427,6,modulewrapperfunction.txt,2,,,,,Fri 7/12/2024
programmingwithmosh,TypeScript Interfaces,https://www.youtube.com/watch?v=P17bFRuefjA,Transcript: typescriptinterfaces,2017-09-04,4:35,28987,466,13,typescriptinterfaces.txt,2,,,,,Fri 7/12/2024
programmingwithmosh,HTTP Module in Node.js,https://www.youtube.com/watch?v=VLXAzzRjQws,Transcript: httpmoduleinnodejs,2018-02-16,8:08,91696,1229,24,httpmoduleinnodejs.txt,2,,,,,Fri 7/12/2024
programmingwithmosh,Modules in Node.js,https://www.youtube.com/watch?v=9Amxzvq5LY8,Transcript: modulesinnodejs,2018-02-07,4:19,77821,871,13,modulesinnodejs.txt,2,,,,,Fri 7/12/2024
programmingwithmosh,JavaScript Let vs Var vs Constant | Mosh,https://www.youtube.com/watch?v=XgSjoHgy3Rk,Transcript: javascriptletvsvarvsconstantmosh,2018-05-15,6:51,280163,5955,187,javascriptletvsvarvsconstantmosh.txt,2,,,,,Fri 7/12/2024
programmingwithmosh,JavaScript Strings,https://www.youtube.com/watch?v=09BwruU4kiY,Transcript: javascriptstrings,2018-05-15,7:24,124596,1497,19,javascriptstrings.txt,2,,,,,Fri 7/12/2024
programmingwithmosh,JavaScript Scope (Local vs Global),https://www.youtube.com/watch?v=iJKkZA215tQ,Transcript: javascriptscopelocalvsglobal,2018-05-15,5:43,56123,1077,31,javascriptscopelocalvsglobal.txt,2,,,,,Fri 7/12/2024
programmingwithmosh,C# Methods Tutorial | Mosh,https://www.youtube.com/watch?v=56bbjE4assU,Transcript: cmethodstutorialmosh,2017-11-08,24:29,112046,1230,44,cmethodstutorialmosh.txt,2,,,,,Fri 7/12/2024
programmingwithmosh,Java Exception Handling Tutorial,https://www.youtube.com/watch?v=_nmm0nZqIIY,Transcript: javaexceptionhandlingtutorial.txt,2022-02-08,23:03,140478,1873,106,javaexceptionhandlingtutorial.txt,2,,,,,Fri 7/12/2024
programmingwithmosh,Become a Back-end Developer in 12 Months! ����,https://www.youtube.com/watch?v=IQDA39A44AA,Transcript: becomeabackenddeveloperin12months,2024-06-19,0:59,15352,891,12,becomeabackenddeveloperin12months.txt,2,,,,,Fri 7/12/2024
programmingwithmosh,The FASTEST Way to Learn to Code & Get a Job,https://www.youtube.com/watch?v=27YP6n6pDh0,Transcript: thefastestwaytolearntocodegetajob,2024-04-09,5:48,97001,5111,241,thefastestwaytolearntocodegetajob.txt,2,,,,,Fri 7/12/2024
programmingwithmosh,Backbone.js Tutorial Part 5 - Backbone.js Models: Syncing Models with the Server,https://www.youtube.com/watch?v=AvhdNKmmAXU,Transcript: backbonejstutorialpart5backbonejsmodelssyncingmodelswiththeserver,2014-10-10,5:14,17737,104,8,backbonejstutorialpart5backbonejsmodelssyncingmodelswiththeserver.txt,2,,,,,Fri 7/12/2024
programmingwithmosh,���� VSCode Trick: Instantly Find Any Code,https://www.youtube.com/watch?v=eImSRSe4JYQ,Transcript: vscodetrickinstantlyfindanycode.txt,2024-03-21,0:36,20178,1342,23,vscodetrickinstantlyfindanycode.txt,2,,,,,Fri 7/12/2024
programmingwithmosh,The FASTEST Way to Learn Coding & Get a Job,https://www.youtube.com/watch?v=iw0znRuaYL8,Transcript: thefastestwaytolearncodinggetajob,2024-04-25,0:31,18421,811,19,thefastestwaytolearncodinggetajob.txt,2,,,,,Fri 7/12/2024
programmingwithmosh,JavaScript in 2 Minutes,https://www.youtube.com/watch?v=btpWt1Cas2I,Transcript: javascriptin2minutes,2024-04-18,2:42,38775,1702,97,javascriptin2minutes.txt,2,,,,,Fri 7/12/2024
programmingwithmosh,Insertion Sort Algorithm Made Simple [Sorting Algorithms],https://www.youtube.com/watch?v=nKzEJWbkPbQ,Transcript: insertionsortalgorithmmadesimplesortingalgorithms,2020-06-29,8:26,293183,6284,172,insertionsortalgorithmmadesimplesortingalgorithms.txt,2,,,,,Fri 7/12/2024
JennyslecturesCSIT,History of Python | Python Tutorials for Beginners #lec2,https://www.youtube.com/watch?v=1UzSDMJRh8c,Transcript: historyofpythonpythontutorialsforbeginnerslec2,2022-08-28,7:47,320024,5259,171,historyofpythonpythontutorialsforbeginnerslec2.txt,2,,,,,Fri 7/12/2024
JennyslecturesCSIT,C_94 Solved Problem on Functions in C |Gate Question with Answer,https://www.youtube.com/watch?v=wNiF3uwQNkA,Transcript: c94solvedproblemonfunctionsincgatequestionwithanswer,2021-09-16,9:25,56050,1257,57,c94solvedproblemonfunctionsincgatequestionwithanswer.txt,2,,,,,Fri 7/12/2024
JennyslecturesCSIT,Lec 30: While Loop in C++ | C++ Tutorials for Beginners,https://www.youtube.com/watch?v=ebiYB-CiYjI,Transcript: lec30whileloopincctutorialsforbeginners,2022-12-08,19:23,21413,427,75,lec30whileloopincctutorialsforbeginners.txt,2,,,,,Fri 7/12/2024
JennyslecturesCSIT,C_126 a+ mode in File Handling | C Programming Tutorials,https://www.youtube.com/watch?v=T-UKH3gMSz0,Transcript: C_126 a+ mode in File Handling | C Programming Tutorials,2022-01-22,12:18,60881,1184,127,c126amodeinfilehandlingcprogrammingtutorials.txt,2,,,,,Fri 7/12/2024
JennyslecturesCSIT,C_81 Null Pointer in C | C Programming Tutorials,https://www.youtube.com/watch?v=KBzQU2p0dhY,Transcript: C_81 Null Pointer in C | C Programming Tutorials,2021-08-26,21:34,104542,2171,78,c81nullpointerinccprogrammingtutorials.txt,2,,,,,Fri 7/12/2024
JennyslecturesCSIT,Coding Exercise for Beginners in Python | Exercise #4 | Python for Beginners #lec20,https://www.youtube.com/watch?v=0kLylf5uNNc,Transcript: Coding Exercise for Beginners in Python | Exercise #4 | Python for Beginners #lec20,2023-01-14,7:30,74679,1208,104,codingexerciseforbeginnersinpythonexercise4pythonforbeginnerslec20.txt,2,,,,,Fri 7/12/2024
JennyslecturesCSIT,Coding Exercise for Beginners in Python |Exercise 30 | Python for Beginners #lec115,https://www.youtube.com/watch?v=FFrBaOUgbgg,Transcript: Coding Exercise for Beginners in Python |Exercise 30 | Python for Beginners #lec115,2023-11-03,17:07,6959,161,14,codingexerciseforbeginnersinpythonexercise30pythonforbeginnerslec115.txt,2,,,,,Fri 7/12/2024
JennyslecturesCSIT,Lec 18: Lossless Join Decomposition | Non Additive Join Decomposition Property | DBMS Tutorials,https://www.youtube.com/watch?v=zb8ESEf36Zc,Transcript: Lec 18: Lossless Join Decomposition | Non Additive Join Decomposition Property | DBMS Tutorials,2020-01-10,21:57,173834,2676,105,lec18losslessjoindecompositionnonadditivejoindecompositionpropertydbmstutorials.txt,2,,,,,Fri 7/12/2024
JennyslecturesCSIT,Coding Exercise for Beginners in Python |Exercise 16 | Python Tutorials for Beginners #lec47,https://www.youtube.com/watch?v=sI_Wb3JPQg8,Transcript: Coding Exercise for Beginners in Python |Exercise 16 | Python Tutorials for Beginners #lec47,2023-04-04,3:01,32391,495,41,codingexerciseforbeginnersinpythonexercise16pythontutorialsforbeginnerslec47.txt,2,,,,,Fri 7/12/2024
JennyslecturesCSIT,P_33  Random Module in Python | Python Tutorials for Beginners,https://www.youtube.com/watch?v=khZKoe0_B0I,Transcript: P_33  Random Module in Python | Python Tutorials for Beginners,2023-02-13,12:51,76035,1325,81,p33randommoduleinpythonpythontutorialsforbeginners.txt,2,,,,,Fri 7/12/2024
BroCodez,Learn HTML tables in 3 minutes ����,https://www.youtube.com/watch?v=iDA0kF5lrVk,Transcript: Learn HTML tables in 3 minutes ����,2021-08-24,3:58,262733,6064,159,learnhtmltablesin3minutes.txt,2,,,,,Fri 7/12/2024
BroCodez,C# methods ����,https://www.youtube.com/watch?v=IPpEefuFiVM,Transcript: C# methods ����,2021-07-03,6:05,47632,1714,48,cmethods.txt,2,,,,,Fri 7/12/2024
BroCodez,Java variable scope ����,https://www.youtube.com/watch?v=pSokndJB3Pw,Transcript: Java variable scope ����,2020-10-13,5:38,55101,2590,98,javavariablescope.txt,2,,,,,Fri 7/12/2024
BroCodez,Learn Breadth First Search in 6 minutes ������,https://www.youtube.com/watch?v=7Cox-J7onXw,Transcript: Learn Breadth First Search in 6 minutes ������,2021-11-05,6:41,34553,857,40,learnbreadthfirstsearchin6minutes.txt,2,,,,,Fri 7/12/2024
BroCodez,arithmetic expressions in Java �������4 minutes���,https://www.youtube.com/watch?v=pZHJU9T0vwE,Transcript: arithmetic expressions in Java �������4 minutes���,2020-10-13,4:31,90206,5072,177,arithmeticexpressionsinjava4minutes.txt,2,,,,,Fri 7/12/2024
BroCodez,String methods in Python are easy ����,https://www.youtube.com/watch?v=tb6EYiHtcXU,Transcript: String methods in Python are easy ����,2022-10-10,12:06,83177,2157,84,stringmethodsinpythonareeasy.txt,2,,,,,Fri 7/12/2024
BroCodez,Java if statements �������6 minutes���,https://www.youtube.com/watch?v=MY03bt_0JQI,Transcript: Java if statements �������6 minutes���,2020-10-19,6:12,133988,5749,163,javaifstatements6minutes.txt,2,,,,,Fri 7/12/2024
BroCodez,Learn Binary Search in 10 minutes ����,https://www.youtube.com/watch?v=xrMppTpoqdw,Transcript: Learn Binary Search in 10 minutes ����,2021-05-17,10:04,102307,3555,134,learnbinarysearchin10minutes.txt,2,,,,,Fri 7/12/2024
BroCodez,Python return statement ����,https://www.youtube.com/watch?v=ZnBQfF5JFDM,Transcript: Python return statement ����,2020-11-30,3:31,73880,3353,195,pythonreturnstatement.txt,2,,,,,Fri 7/12/2024
BroCodez,java for-each loop ����,https://www.youtube.com/watch?v=_IT8F5W0ZO4,Transcript: java for-each loop ����,2020-10-19,3:47,63985,2980,89,javaforeachloop.txt,2,,,,,Fri 7/12/2024
nesoacademy,Variables in Java - Practice,https://www.youtube.com/watch?v=Ls14YnfR7Hg,Transcript: Variables in Java - Practice,2019-12-09,7:07,104772,1576,33,variablesinjavapractice.txt,2,,,,,Fri 7/12/2024
nesoacademy,Primitive Types and Reference Types in Java,https://www.youtube.com/watch?v=OmcFVHpb0v0,Transcript: Primitive Types and Reference Types in Java,2020-01-15,6:28,129601,3585,135,primitivetypesandreferencetypesinjava.txt,2,,,,,Fri 7/12/2024
nesoacademy,Casting in Java,https://www.youtube.com/watch?v=9ATVKpRZaPg,Transcript: Casting in Java,2020-03-02,8:07,96321,2160,56,castinginjava.txt,2,,,,,Fri 7/12/2024
nesoacademy,Loops in Java (Exercise 1),https://www.youtube.com/watch?v=cxhf69OL_oM,Transcript: Loops in Java (Exercise 1),2020-03-22,6:05,116474,2107,55,loopsinjavaexercise1.txt,2,,,,,Fri 7/12/2024
nesoacademy,Overflow in Signed and Unsigned Numbers,https://www.youtube.com/watch?v=7towQUO9aZI,Transcript: Overflow in Signed and Unsigned Numbers,2022-10-11,10:11,134286,1898,43,overflowinsignedandunsignednumbers.txt,2,,,,,Fri 7/12/2024
nesoacademy,Programming Errors,https://www.youtube.com/watch?v=dPQaQWyqYoc,Transcript: Programming Errors,2019-12-03,5:31,106727,1896,49,programmingerrors.txt,2,,,,,Fri 7/12/2024
nesoacademy,Introduction to Unions in C,https://www.youtube.com/watch?v=oySsPUDr35U,Transcript: Introduction to Unions in C,2019-09-23,6:58,242700,5753,124,introductiontounionsinc.txt,2,,,,,Fri 7/12/2024
nesoacademy,The Do While Loop in Java,https://www.youtube.com/watch?v=2E-UgePiOoo,Transcript: The Do While Loop in Java,2020-03-18,6:54,113002,1843,49,thedowhileloopinjava.txt,2,,,,,Fri 7/12/2024
nesoacademy,Displaying Messages in Java,https://www.youtube.com/watch?v=ifirpBZLeCk,Transcript: Displaying Messages in Java,2019-11-25,8:38,261817,4157,156,displayingmessagesinjava.txt,2,,,,,Fri 7/12/2024
nesoacademy,Basics of String Literals,https://www.youtube.com/watch?v=IlqiTmcK1Eg,Transcript: Basics of String Literals,2019-07-14,4:05,281794,3864,47,basicsofstringliterals.txt,2,,,,,Fri 7/12/2024
GirlsWhoCode,Start a Girls Who Code Club! | Applications Open Now!,https://www.youtube.com/watch?v=5tkoaRcCRmA,Transcript: startagirlswhocodeclubapplicationsopennow,5/1/17,1:48,5434,70,10,startagirlswhocodeclubapplicationsopennow.txt,2,,,,,Fri 7/12/2024
GirlsWhoCode,Girls Who Code Book Club,https://www.youtube.com/watch?v=V2B0dwPcuHA,Transcript: girlswhocodebookclub,8/29/17,2:45,2717,24,0,girlswhocodebookclub.txt,2,,,,,Fri 7/12/2024
GirlsWhoCode,"Meet Danielle Udogaranya, a content creator, Twitch Ambassador, and 3D artist. #GirlsWhoCodeGirls",https://www.youtube.com/watch?v=iGV2RUkuvAE,Transcript: meetdanielleudogaranyaacontentcreatortwitchambassadorand3dartistgirlswhocodegirls,3/2/23,1:20,351,9,0,meetdanielleudogaranyaacontentcreatortwitchambassadorand3dartistgirlswhocodegirls.txt,2,,,,,Fri 7/12/2024
GirlsWhoCode,"SISTERHOOD ‚Ä¢ ""On Being"" (Featuring Rayouf Alhumedhi, creator of the hijab emoji)",https://www.youtube.com/watch?v=fAfJUiQGe18,Transcript: sisterhoodonbeingfeaturingrayoufalhumedhicreatorofthehijabemoji,10/11/18,1:15,869,17,0,sisterhoodonbeingfeaturingrayoufalhumedhicreatorofthehijabemoji,2,,,,,Fri 7/12/2024
GirlsWhoCode,Girls Who Code: Making the New Middle Class Through Coding,https://www.youtube.com/watch?v=pZz1UbY79TQ,Transcript: girlswhocodemakingthenewmiddleclassthroughcoding,7/13/17,5:03,13140,102,7,girlswhocodemakingthenewmiddleclassthroughcoding.txt,2,,,,,Fri 7/12/2024
GirlsWhoCode,Girls Who Code: Technical Interview Prep,https://www.youtube.com/watch?v=yHy_OBLBsYQ,Transcript: girlswhocodetechnicalinterviewprep,10/24/22,3:00,349,12,2,girlswhocodetechnicalinterviewprep.txt,2,,,,,Fri 7/12/2024
Black Girls Code,How to Code an AI Chatbot in Scratch | Episode 4/8 of Code Along Jr. from Black Girls Code,https://www.youtube.com/watch?v=wP_OsxPbdXA,howtocodeanaichatbotinscratchepisode48ofcodealongjrfromblackgirlscode.txt,3/29/24,10:13,329296,158,0,howtocodeanaichatbotinscratchepisode48ofcodealongjrfromblackgirlscode.txt,4,,,,,Fri 6/28/2024
Black Girls Code,How to Code an Animation in Scratch | Episode 3/8 of Code Along Jr. from Black Girls Code,https://www.youtube.com/watch?v=x5xnXwT83tc,howtocodeananimationinscratchepisode38ofcodealongjrfromblackgirlscode.txt,3/22/24,11:56,304469,8430,0,howtocodeananimationinscratchepisode38ofcodealongjrfromblackgirlscode.txt,4,,,,,Fri 6/28/2024
Black Girls Code,Tutorial 7: Code a Roblox Obby With Me,https://www.youtube.com/watch?v=dOrtaUVymLI,tutorial7codearobloxobbywithme.txt,8/11/23,9:51,182290,393,5,tutorial7codearobloxobbywithme.txt,4,,,,,Fri 6/28/2024
Black Girls Code,How to Code a Song in Scratch | Episode 6/8 of Code Along Jr. from Black Girls Code,https://www.youtube.com/watch?v=fJsFiQAPo0Q,howtocodeasonginscratchepisode68ofcodealongjrfromblackgirlscode.txt,4/12/24,9:52,193649,4717,0,howtocodeasonginscratchepisode68ofcodealongjrfromblackgirlscode.txt,4,,,,,Fri 6/28/2024
Black Girls Code,How to Code a Story in Scratch | Episode 5/8 of Code Along Jr. from Black Girls Code,https://www.youtube.com/watch?v=gXfWsAVqLmM,howtocodeastoryinscratchepisode58ofcodealongjrfromblackgirlscode.txt,4/5/24,15:01,231790,1313,1,howtocodeastoryinscratchepisode58ofcodealongjrfromblackgirlscode.txt,4,,,,,Fri 6/28/2024
Black Girls Code,Tutorial 3: Code a Roblox Obby With Me,https://www.youtube.com/watch?v=yv_9LAY-QSg,tutorial3codearobloxobbywithme.txt,6/16/23,11:10,109852,352,37,tutorial3codearobloxobbywithme.txt,4,,,,,Fri 6/28/2024
Black Girls Code,Tutorial 1: Code a Roblox Obby With Me,https://www.youtube.com/watch?v=PP61bx3X_Qk,tutorial1codearobloxobbywithme.txt,5/26/23,8:49,238105,849,24,tutorial1codearobloxobbywithme.txt,4,,,,,Fri 6/28/2024
Black Girls Code,Tutorial 4: How to Code Animated Art In JavaScript | CODE Along with Black Girls CODE,https://www.youtube.com/watch?v=I49CXUIXvM8,tutorial4howtocodeanimatedartinjavascriptcodealongwithblackgirlscode.txt,4/28/23,11:18,83993,180,8,tutorial4howtocodeanimatedartinjavascriptcodealongwithblackgirlscode.txt,4,,,,,Fri 6/28/2024
Black Girls Code,Tutorial 1: How to Code Digital Art in JavaScript | CODE Along with Black Girls CODE,https://www.youtube.com/watch?v=IoO183rDxUY,tutorial1howtocodedigitalartinjavascriptcodealongwithblackgirlscode.txt,2/10/23,11:43,301561,666,25,tutorial1howtocodedigitalartinjavascriptcodealongwithblackgirlscode.txt,4,,,,,Fri 6/28/2024
Black Girls Code,Tutorial 2: How to Code Digital Art in JavaScript | CODE Along with Black Girls CODE,https://www.youtube.com/watch?v=oq1NUb1UJsM,tutorial2howtocodedigitalartinjavascriptcodealongwithblackgirlscode.txt,2/17/23,15:09,152498,320,3,tutorial2howtocodedigitalartinjavascriptcodealongwithblackgirlscode.txt,4,,,,,Fri 6/28/2024